{"name":"83d37859-58f3-4592-b9c2-511f559f6092","id":"/providers/Microsoft.Flow/flows/83d37859-58f3-4592-b9c2-511f559f6092","type":"Microsoft.Flow/flows","properties":{"apiId":"/providers/Microsoft.PowerApps/apis/shared_logicflows","displayName":"UploadImagestoSP","definition":{"metadata":{"workflowEntityId":null,"processAdvisorMetadata":null,"flowChargedByPaygo":null,"flowclientsuspensionreason":"None","flowclientsuspensiontime":null,"flowclientsuspensionreasondetails":null,"creator":{"id":"4816bdf1-bda7-46b6-84c3-2e0ece3ae852","type":"User","tenantId":"db1e96a8-a3da-442a-930b-235cac24cd5c"},"provisioningMethod":"FromDefinition","failureAlertSubscription":true,"clientLastModifiedTime":"2025-09-08T11:19:58.5857807Z","connectionKeySavedTimeKey":"2025-09-08T11:19:58.5857807Z","creationSource":null},"$schema":"https://schema.management.azure.com/providers/Microsoft.Logic/schemas/2016-06-01/workflowdefinition.json#","contentVersion":"1.0.0.0","parameters":{"$connections":{"defaultValue":{},"type":"Object"},"$authentication":{"defaultValue":{},"type":"SecureObject"}},"triggers":{"manual":{"metadata":{"operationMetadataId":"b0749c01-213e-4805-99c3-b6df7f10fd91"},"type":"Request","kind":"PowerApp","inputs":{"schema":{"type":"object","properties":{"Initializevariable_Value":{"type":"any"},"Createfile_SiteAddress":{"type":"string","description":"Example: https://contoso.sharepoint.com/sites/sitename.","x-ms-powerflows-param-ispartial":false},"Createfile_FolderPath":{"type":"string","description":"Must start with an existing library. Add folders if needed.","x-ms-powerflows-param-ispartial":false}},"required":["Initializevariable_Value","Createfile_SiteAddress","Createfile_FolderPath"]}}}},"actions":{"ImageJSON":{"runAfter":{"varNewFileName":["Succeeded"]},"metadata":{"operationMetadataId":"43c079aa-94e8-49e6-a0ff-f4c1783cac8f"},"type":"InitializeVariable","inputs":{"variables":[{"name":"ImageJSON","type":"string","value":"@{triggerBody()['Initializevariable_Value']}"}]}},"Compose":{"runAfter":{"ImageJSON":["Succeeded"]},"metadata":{"operationMetadataId":"492a7e71-0e98-4535-ab5e-8456f310e819"},"type":"Compose","inputs":"@json(variables('ImageJSON'))"},"Parse_JSON":{"runAfter":{"Compose":["Succeeded"]},"metadata":{"operationMetadataId":"682b9c20-67e3-428d-b89a-59651906be95"},"type":"ParseJson","inputs":{"content":"@outputs('Compose')","schema":{"type":"array","items":{"type":"object","properties":{"ActivityID":{"type":["string","null"]},"CheckItemName":{},"Comments":{},"Event":{"type":"string"},"FileName":{"type":"string"},"FileNameValidated":{"type":"string"},"FileType":{"type":"string"},"FunctionalLocation":{},"Image":{"type":"string"},"QRoundID":{"type":"string"},"QTopic":{"type":"string"},"Question":{},"Score":{},"Sequence":{}},"required":["CheckItemName","Comments","Event","FileName","FileNameValidated","FileType","FunctionalLocation","Image","QRoundID","QTopic","Question","Score","Sequence"]}}}},"Apply_to_each":{"foreach":"@body('Parse_JSON')","actions":{"GetFileProperties":{"runAfter":{},"metadata":{"operationMetadataId":"97499a46-b9e4-4d42-bc61-4e530d710f92","flowSystemMetadata":{"swaggerOperationId":"GetFileItems"}},"type":"ApiConnection","inputs":{"host":{"connection":{"name":"@json(decodeBase64(triggerOutputs().headers['X-MS-APIM-Tokens']))['$connections']['shared_sharepointonline_1']['connectionId']"},"api":{"runtimeUrl":"https://d07dc2f0-9d2d-46e9-b6a1-479e449fff90.13.common.europe002.azure-apihub.net/apim/sharepointonline"}},"method":"get","path":"/datasets/@{encodeURIComponent(encodeURIComponent('https://eu001-sp.shell.com/sites/SPO002711'))}/tables/@{encodeURIComponent(encodeURIComponent('ba375cb9-842d-4c89-9ee0-6ee04e437d32'))}/getfileitems","queries":{"folderPath":"/QRound/QRound Images","$filter":"FileLeafRef eq '@{items('Apply_to_each')['FileNameValidated']}'","$top":1},"authentication":{"type":"Raw","value":"@json(decodeBase64(triggerOutputs().headers['X-MS-APIM-Tokens']))['$ConnectionKey']"}}},"Update_file_properties":{"runAfter":{"Create_file":["Succeeded"]},"metadata":{"operationMetadataId":"8634241d-d7eb-452a-96e1-20339af72661","flowSystemMetadata":{"swaggerOperationId":"PatchFileItem"}},"type":"ApiConnection","inputs":{"host":{"connection":{"name":"@json(decodeBase64(triggerOutputs().headers['X-MS-APIM-Tokens']))['$connections']['shared_sharepointonline_1']['connectionId']"},"api":{"runtimeUrl":"https://d07dc2f0-9d2d-46e9-b6a1-479e449fff90.13.common.europe002.azure-apihub.net/apim/sharepointonline"}},"method":"patch","body":{"QRoundID":"@items('Apply_to_each')['QRoundID']","QTopic":"@items('Apply_to_each')['QTopic']","CheckItem":"@items('Apply_to_each')['CheckItemName']","Comments":"@items('Apply_to_each')['Comments']","Score":"@items('Apply_to_each')['Score']","Question":"@items('Apply_to_each')['Question']","Sequence":"@items('Apply_to_each')['Sequence']","ActivityID":"@items('Apply_to_each')['ActivityID']","FunctionalLocation":"@items('Apply_to_each')['FunctionalLocation']","Event":"@items('Apply_to_each')['Event']"},"path":"/datasets/@{encodeURIComponent(encodeURIComponent('https://eu001-sp.shell.com/sites/SPO002711'))}/tables/@{encodeURIComponent(encodeURIComponent('ba375cb9-842d-4c89-9ee0-6ee04e437d32'))}/items/@{encodeURIComponent(body('Create_file')?['ItemId'])}/patchfileitem","authentication":{"type":"Raw","value":"@json(decodeBase64(triggerOutputs().headers['X-MS-APIM-Tokens']))['$ConnectionKey']"}}},"Create_file":{"runAfter":{"Set_variable_3":["Succeeded"]},"metadata":{"flowSystemMetadata":{"swaggerOperationId":"CreateFile"},"operationMetadataId":"8fb62161-189f-49ea-869a-e45e6e1f076b"},"type":"ApiConnection","inputs":{"host":{"connection":{"name":"@json(decodeBase64(triggerOutputs().headers['X-MS-APIM-Tokens']))['$connections']['shared_sharepointonline_1']['connectionId']"},"api":{"runtimeUrl":"https://d07dc2f0-9d2d-46e9-b6a1-479e449fff90.13.common.europe002.azure-apihub.net/apim/sharepointonline"}},"method":"post","body":"@dataUriToBinary(items('Apply_to_each')['Image'])","path":"/datasets/@{encodeURIComponent(encodeURIComponent(triggerBody()['Createfile_SiteAddress']))}/files","queries":{"folderPath":"@triggerBody()['Createfile_FolderPath']","name":"@variables('NewFileName')","queryParametersSingleEncoded":true},"authentication":{"type":"Raw","value":"@json(decodeBase64(triggerOutputs().headers['X-MS-APIM-Tokens']))['$ConnectionKey']"}}},"Set_variable_3":{"runAfter":{"GetFileProperties":["Succeeded"]},"metadata":{"operationMetadataId":"e7c65683-856b-41ae-8fea-0933340cd5dd"},"type":"SetVariable","inputs":{"name":"NewFileName","value":"@items('Apply_to_each')['FileNameValidated']"}}},"runAfter":{"Parse_JSON":["Succeeded"]},"metadata":{"operationMetadataId":"3efca4f5-e088-4f7a-aa16-febd8c738f9d"},"type":"Foreach"},"varNewFileName":{"runAfter":{},"metadata":{"operationMetadataId":"f3daeca9-b542-4cb0-86b7-31ed0521ed70"},"type":"InitializeVariable","inputs":{"variables":[{"name":"NewFileName","type":"string"}]}}},"outputs":{},"description":"Create one or more actions to happen when a button or link in PowerApps is selected. To use this flow from a PowerApp, select the control you want to trigger the flow and go to the Action tab in the PowerApps ribbon and select Flows."},"connectionReferences":{"shared_sharepointonline_1":{"connectionName":"01c51f36c74f4d5daf4802de3737ad6b","source":"Invoker","id":"/providers/Microsoft.PowerApps/apis/shared_sharepointonline","tier":"NotSpecified","apiName":"sharepointonline","isProcessSimpleApiReferenceConversionAlreadyDone":false}},"flowFailureAlertSubscribed":false,"isManaged":false}}